{
"model": "ngg:gun/ul_geo",
"texture":"ngg:gun/uv/ul",
"slot":"ngg:gun/slot/ul",
"hud":"ngg:gun/hud/ul_hud",
"third_person_animation": "default",
"use_default_animation": "rifle",
"animation": "ngg:ul",
"sounds": {
  "shoot": "ngg:ul/shoot",
  "reload_empty": "ngg:ul/reload",
  "reload_tactical": "ngg:ul/reload",
  "inspect": "ngg:ul/inspect",
  "inspect_empty": "ngg:ul/inspect",
  "head_hit": "ngg:misc/hit",
  "flesh_hit": "ngg:misc/hit",
  "kill": "ngg:misc/kill",
   "draw": "ngg:ul/draw",
   "put_away": "ngg:ul/draw2",
     "shoot_3p": "ngg:ul/shoot",
    "melee_push": "ngg:ul/melee"
  },
  "transform": {
    "scale": {
      "thirdperson": [0.6, 0.6, 0.6],
      "ground": [0.6, 0.6, 0.6],
      "fixed": [1.2, 1.2, 1.2]
    }
  },
  "offhand_show": {
    "pos": [1, 19, 4],
    "rotate": [0, 0, 50],
    "scale": [0.5, 0.5, 0.5]
  },
  "hotbar_show": {
    "0": {
      "pos": [-1, 19, 3],
      "rotate": [-180, 0, 130],
      "scale": [0.5, 0.5, 0.5]
    }
  }
}