{
  "ammo": "ngg:u12g_ammo",
  "rpm": 350,
  "bullet": {
    "life": 4,
    "bullet_amount": 24,
    "damage": 192,
    "tracer_count_interval": 0,
    "extra_damage": {
      "armor_ignore": 1,
      "head_shot_multiplier": 1.5,
      "damage_adjust": [
        {"distance": 5, "damage": 225},
        {"distance": 30, "damage": 192},
        {"distance": "infinite", "damage": 192}
      ]
    },
    "speed": 130,
    "gravity": 0,
    "knockback": 0.25,
    "friction": 0.05,
    "ignite": false,
    "pierce": 1
  },
  "ammo_amount": 2,
  "bolt": "open_bolt",
  "reload": {
    "type": "magazine",
    "feed": {
      "empty": 0.75,
      "tactical": 0.75
    },
    "cooldown": {
      "empty": 1.79,
      "tactical": 1.79
    }
  },
  "draw_time": 1.0333,
  "put_away_time": 0.4333,
  "aim_time": 0.2,
  "sprint_time": 0.21,
  "weight": 5.2,
  "movement_speed": {
    // 默认修正
    "base": 0.1,
    // 瞄准时
    "aim": -0.2,
    // 换弹时
    "reload": -0.2
  },
  "crawl_recoil_multiplier": 0.5,
  "fire_mode": [
    "semi"
  ],
  "recoil": {
    "pitch": [
      {"time": 0, "value": [30, 30]},
      {"time": 0.1, "value": [24, 24]},
      {"time": 0.25, "value": [15, 15]},
      {"time": 0.5, "value": [7.5, 7.5]},
      {"time": 0.7, "value": [-0.15, -0.15]},
      {"time": 0.85, "value": [0.9, 0.9]},
      {"time": 1, "value": [0, 0]},
      {"time": 1.25, "value": [0, 0]}
    ],
    "yaw": [
      {"time": 0, "value": [-1.5, 1.5]},
      {"time": 0.1, "value": [-1.5, 1.5]},
      {"time": 0.2, "value": [0.45, 0.45]},
      {"time": 0.4, "value": [0, 0]}
    ]
  },
  "inaccuracy": {
    "stand": 4,
    "move": 4,
    "sneak": 4,
    "lie": 4,
    "aim": 4
  },
  // 近战相关
  "melee": {
    // 枪械距离参数，用来延升近战攻击范围
    // 会与刺刀等配件的距离做加和
    "distance": 2,
    // 使用时的冷却时间
    "cooldown": 0.7,
    // 默认近战数据，会被配件的数据替换掉
    "default": {
      // 动画类型：没有枪托的为 melee_push，有枪托的为 melee_stock
      "animation_type": "melee_push",
      // 刺刀距离参数，枪械里还有个刺刀攻击距离参数，两者做加和
      "distance": 2,
      // 刺刀范围角度
      "range_angle": 30,
      // 伤害值
      "damage": 2,
      // 击退效果
      "knockback": 1.5,
      // 前摇时长，单位：秒
      "prep": 0.1
    }
  }
}