{
	"format_version": "1.21.0",
	"minecraft:geometry": [
		{
			"description": {
				"identifier": "geometry.OFA_JSEC_MODEL",
				"texture_width": 128,
				"texture_height": 128,
				"visible_bounds_width": 5,
				"visible_bounds_height": 3,
				"visible_bounds_offset": [0, 0.5, 0]
			},
			"bones": [
				{
					"name": "root",
					"pivot": [0, 7, 0]
				},
				{
					"name": "mag_and_lefthand",
					"parent": "root",
					"pivot": [0, 5.2, 0]
				},
				{
					"name": "righthand",
					"parent": "mag_and_lefthand",
					"pivot": [-6, 19, 0]
				},
				{
					"name": "righthand_pos",
					"parent": "righthand",
					"pivot": [-4, 16, 0],
					"cubes": [
						{
							"origin": [-6.09128, 4.89466, -2.32252],
							"size": [4, 12, 4],
							"uv": {
								"north": {"uv": [92, 4], "uv_size": [4, 12]},
								"east": {"uv": [88, 4], "uv_size": [4, 12]},
								"south": {"uv": [100, 4], "uv_size": [4, 12]},
								"west": {"uv": [96, 4], "uv_size": [4, 12]},
								"up": {"uv": [92, 0], "uv_size": [4, 4]},
								"down": {"uv": [96, 4], "uv_size": [4, -4]}
							}
						}
					]
				},
				{
					"name": "magazine",
					"parent": "mag_and_lefthand",
					"pivot": [-0.00006, 4.21808, -0.62699]
				},
				{
					"name": "mag_standard",
					"parent": "magazine",
					"pivot": [0, 7.50864, 2.79981]
				},
				{
					"name": "bullet_in_mag",
					"parent": "magazine",
					"pivot": [0, 9.73689, 1.06564],
					"rotation": [90, 0, 45]
				},
				{
					"name": "9mm",
					"parent": "bullet_in_mag",
					"pivot": [21.11718, -0.43003, 15.37355],
					"rotation": [-90, -45, 0]
				},
				{
					"name": "12g",
					"parent": "bullet_in_mag",
					"pivot": [21.04163, 0.15, 17.10413],
					"rotation": [0, 135, 0]
				},
				{
					"name": "308",
					"parent": "bullet_in_mag",
					"pivot": [11.33334, 3.40503, -4.5],
					"rotation": [-45, 0, -90]
				},
				{
					"name": "762x1",
					"parent": "308",
					"pivot": [14.93184, 2.80883, -4.50186]
				},
				{
					"name": "762x2",
					"parent": "308",
					"pivot": [11.1824, 3.078, -3.17953]
				},
				{
					"name": "762x3",
					"parent": "308",
					"pivot": [11.45595, 2.80883, -3.31786]
				},
				{
					"name": "338",
					"parent": "bullet_in_mag",
					"pivot": [10.36396, 14.38689, 3.36397]
				},
				{
					"name": "86x2",
					"parent": "338",
					"pivot": [38.20226, 6.66633, 14.49251]
				},
				{
					"name": "86x70",
					"parent": "338",
					"pivot": [39.51389, 6.60258, 10.3853]
				},
				{
					"name": "gun_and_righthand",
					"parent": "root",
					"pivot": [0, 0, 0]
				},
				{
					"name": "yourgun",
					"parent": "gun_and_righthand",
					"pivot": [-7.47454, 4, -22],
					"rotation": [-180, 0, -180]
				},
				{
					"name": "additional_magazine",
					"parent": "yourgun",
					"pivot": [-7.47454, 4, -22]
				},
				{
					"name": "bone",
					"parent": "additional_magazine",
					"pivot": [-14.09402, 6.6445, -33.62879]
				},
				{
					"name": "bullet_in_the_mag",
					"parent": "additional_magazine",
					"pivot": [-14.09402, 7.92574, -34.62594],
					"rotation": [90, 0, 45]
				},
				{
					"name": "body",
					"parent": "yourgun",
					"pivot": [-7.47454, 4, -22]
				},
				{
					"name": "main",
					"parent": "body",
					"pivot": [-15.49547, 8.35143, -44.38413],
					"cubes": [
						{
							"origin": [-14.47856, 8.04838, -43.41356],
							"size": [2.875, 1.15, 5.175],
							"pivot": [-15.22239, 6.1854, -41.74259],
							"rotation": [180, 0, -120],
							"uv": {
								"north": {"uv": [64, 35], "uv_size": [3, 4], "uv_rotation": 90},
								"east": {"uv": [29, 34], "uv_size": [9, 2]},
								"south": {"uv": [0, 74.4], "uv_size": [8, 23], "uv_rotation": 90},
								"west": {"uv": [48.2, 49.6], "uv_size": [9, 2]},
								"up": {"uv": [0, 105], "uv_size": [24, 11], "uv_rotation": 90},
								"down": {"uv": [27.8, 47.4], "uv_size": [5, -9]}
							}
						},
						{
							"origin": [-18.16, 5.47223, -43.41356],
							"size": [5.175, 1.15, 5.175],
							"pivot": [-15.22239, 6.1854, -41.74259],
							"rotation": [180, 0, 0],
							"uv": {
								"north": {"uv": [67, 44], "uv_size": [5, 2]},
								"east": {"uv": [0, 95], "uv_size": [24, 12]},
								"south": {"uv": [23, 68.2], "uv_size": [-22, -2.2], "uv_rotation": 180},
								"west": {"uv": [0, 106], "uv_size": [24, -10]},
								"up": {"uv": [24, 106], "uv_size": [-24, 22]},
								"down": {"uv": [10, 52], "uv_size": [5, -3]}
							}
						},
						{
							"origin": [-16.7225, 1.54491, -43.41356],
							"size": [2.3, 1.15, 5.175],
							"pivot": [-15.22239, 6.1854, -41.74259],
							"rotation": [180, 0, 0],
							"uv": {
								"north": {"uv": [66.8, 44.4], "uv_size": [9, 2]},
								"east": {"uv": [60, 23], "uv_size": [9, 2]},
								"south": {"uv": [58.8, 22.4], "uv_size": [9, 2]},
								"west": {"uv": [0, 106], "uv_size": [24, -10]},
								"up": {"uv": [10, 48], "uv_size": [7, 5]},
								"down": {"uv": [126, 22], "uv_size": [-28, -10], "uv_rotation": 90}
							}
						},
						{
							"origin": [-17.37264, 7.97459, -43.41314],
							"size": [1.72415, 1.14915, 5.17415],
							"inflate": 0.001,
							"pivot": [-15.22239, 6.1854, -41.74259],
							"rotation": [180, 0, 90],
							"uv": {
								"north": {"uv": [68, 44], "uv_size": [5, 4]},
								"east": {"uv": [27, 36.6], "uv_size": [5, 2]},
								"south": {"uv": [1, 68], "uv_size": [4.6, 4.6], "uv_rotation": 90},
								"west": {"uv": [32, 60], "uv_size": [9, 2]},
								"up": {"uv": [102, 126], "uv_size": [24, -8], "uv_rotation": 90},
								"down": {"uv": [15.4, 45.4], "uv_size": [3, -9]}
							}
						},
						{
							"origin": [-17.37306, 3.94801, -43.41356],
							"size": [1.725, 1.15, 5.175],
							"pivot": [-15.22239, 6.1854, -41.74259],
							"rotation": [180, 0, 90],
							"uv": {
								"north": {"uv": [65, 44], "uv_size": [5, 4]},
								"east": {"uv": [30, 51], "uv_size": [9, 2]},
								"south": {"uv": [8, 68.6], "uv_size": [-8, 7], "uv_rotation": 90},
								"west": {"uv": [41, 46], "uv_size": [9, 2]},
								"up": {"uv": [28, 36], "uv_size": [3, 9]},
								"down": {"uv": [0, 115], "uv_size": [24, 13], "uv_rotation": 270}
							}
						},
						{
							"origin": [-18.49055, 8.65578, -43.41356],
							"size": [2.875, 1.15, 5.175],
							"pivot": [-15.22239, 6.1854, -41.74259],
							"rotation": [180, 0, 120],
							"uv": {
								"north": {"uv": [66.4, 42], "uv_size": [5, 5], "uv_rotation": 90},
								"east": {"uv": [13, 48], "uv_size": [6.8, 4.6]},
								"south": {"uv": [8, 72.2], "uv_size": [-8, 25], "uv_rotation": 270},
								"west": {"uv": [10, 51], "uv_size": [5, -4]},
								"up": {"uv": [126, 104], "uv_size": [-24, 14.6], "uv_rotation": 270},
								"down": {"uv": [13, 52], "uv_size": [-3, -5]}
							}
						},
						{
							"origin": [-16.11741, 0.58984, -40.2516],
							"size": [0.8625, 2.4725, 0.575],
							"pivot": [-15.22239, 6.1854, -41.74259],
							"rotation": [-90, 0, 0],
							"uv": {
								"north": {"uv": [29, 39], "uv_size": [2, 6]},
								"east": {"uv": [15, 38], "uv_size": [1, 6]},
								"south": {"uv": [29, 39], "uv_size": [2, 6]},
								"west": {"uv": [28, 44], "uv_size": [1, 6]},
								"up": {"uv": [35, 50], "uv_size": [2, 1]},
								"down": {"uv": [41, 52], "uv_size": [2, -1]}
							}
						},
						{
							"origin": [-16.11741, 5.9943, -38.59638],
							"size": [0.8625, 2.07, 0.575],
							"pivot": [-15.22239, 6.1854, -41.74259],
							"rotation": [180, 0, 0],
							"uv": {
								"north": {"uv": [0, 45], "uv_size": [4, 3]},
								"east": {"uv": [60, 33], "uv_size": [1, 3]},
								"south": {"uv": [12, 49], "uv_size": [2, 3]},
								"west": {"uv": [66, 38], "uv_size": [1, 3]},
								"up": {"uv": [69, 46], "uv_size": [2, 1]},
								"down": {"uv": [65, 48], "uv_size": [2, -1]}
							}
						}
					]
				},
				{
					"name": "bone4",
					"parent": "main",
					"pivot": [-14.7198, 4.48249, -24.8347],
					"cubes": [
						{
							"origin": [-18.62457, 7.08392, -43.41356],
							"size": [3.1625, 1.725, 0.575],
							"pivot": [-15.22239, 6.1854, -41.74259],
							"rotation": [-180, 0, 120],
							"uv": {
								"north": {"uv": [71, 1], "uv_size": [5, 1]},
								"east": {"uv": [70, 0], "uv_size": [8, 1]},
								"south": {"uv": [71, 2], "uv_size": [5, 1]},
								"west": {"uv": [52, 51], "uv_size": [8, 1]},
								"up": {"uv": [78.2, 1], "uv_size": [-8, 6], "uv_rotation": 270},
								"down": {"uv": [69, 8], "uv_size": [5, -8]}
							}
						},
						{
							"origin": [-15.31282, 6.65973, -43.41356],
							"size": [3.1625, 1.725, 0.575],
							"pivot": [-15.22239, 6.1854, -41.74259],
							"rotation": [180, 0, -120],
							"uv": {
								"east": {"uv": [73, 3], "uv_size": [4, -3]},
								"south": {"uv": [72.4, 5], "uv_size": [-1, -5]},
								"west": {"uv": [70, 0], "uv_size": [2, 5]},
								"up": {"uv": [70, 0], "uv_size": [5.4, 5.2], "uv_rotation": 90},
								"down": {"uv": [75, 8], "uv_size": [5, -8]}
							}
						},
						{
							"origin": [-17.45047, 3.86282, -43.41356],
							"size": [2.875, 2.3, 0.575],
							"pivot": [-15.22239, 6.1854, -41.74259],
							"rotation": [180, 0, 0],
							"uv": {
								"north": {"uv": [72, 7], "uv_size": [6, -7], "uv_rotation": 180},
								"east": {"uv": [70, 2], "uv_size": [8, 1]},
								"south": {"uv": [72, 1], "uv_size": [6, 1]},
								"west": {"uv": [72, 6], "uv_size": [4, -3]},
								"up": {"uv": [72, 0], "uv_size": [6, 8]},
								"down": {"uv": [71, 8], "uv_size": [6, -8]}
							}
						},
						{
							"origin": [-16.73187, 2.71375, -43.41256],
							"size": [1.43665, 1.14915, 0.57415],
							"inflate": 0.001,
							"pivot": [-15.22239, 6.1854, -41.74259],
							"rotation": [180, 0, 0],
							"uv": {
								"north": {"uv": [73, 0], "uv_size": [2, 1]},
								"east": {"uv": [70, 1], "uv_size": [8, 1]},
								"south": {"uv": [73, 0], "uv_size": [2, 1]},
								"west": {"uv": [66, 0], "uv_size": [8, 1]},
								"up": {"uv": [73, 0], "uv_size": [2, 8]},
								"down": {"uv": [72, 8], "uv_size": [2, -8]}
							}
						}
					]
				},
				{
					"name": "put",
					"parent": "body",
					"pivot": [-15.49547, 9.50143, -43.80913],
					"cubes": [
						{
							"origin": [-15.56393, 9.12138, -40.99948],
							"size": [1.15, 3.45, 1.15],
							"pivot": [-15.22239, 6.1854, -41.74259],
							"rotation": [-45, -90, 90],
							"uv": {
								"north": {"uv": [110, 0], "uv_size": [16, 10], "uv_rotation": 90},
								"east": {"uv": [110, 0], "uv_size": [16, 10], "uv_rotation": 90},
								"south": {"uv": [110, 10], "uv_size": [16, -10], "uv_rotation": 90},
								"west": {"uv": [110, 0], "uv_size": [16, 10], "uv_rotation": 90},
								"up": {"uv": [98.2, 0.2], "uv_size": [10, 10]},
								"down": {"uv": [46, 59], "uv_size": [2, -2]}
							}
						},
						{
							"origin": [-17.86393, 9.12138, -40.99948],
							"size": [1.15, 3.45, 1.15],
							"pivot": [-15.22239, 6.1854, -41.74259],
							"rotation": [-45, -90, 90],
							"uv": {
								"north": {"uv": [110, 0], "uv_size": [16, 10], "uv_rotation": 90},
								"east": {"uv": [110, 0], "uv_size": [16, 10], "uv_rotation": 90},
								"south": {"uv": [110, 0], "uv_size": [16, 10], "uv_rotation": 90},
								"west": {"uv": [110, 10], "uv_size": [16, -10], "uv_rotation": 90},
								"up": {"uv": [97.8, 0], "uv_size": [10, 10]},
								"down": {"uv": [50, 59], "uv_size": [2, -2]}
							}
						}
					]
				},
				{
					"name": "shot",
					"parent": "body",
					"pivot": [-17.79547, 6.62643, -39.78413]
				},
				{
					"name": "body1",
					"parent": "shot",
					"pivot": [-17.79547, 6.05143, -39.78413],
					"cubes": [
						{
							"origin": [-14.46431, 8.00182, -56.18856],
							"size": [2.875, 0.575, 12.775],
							"pivot": [-15.22239, 6.1854, -41.74259],
							"rotation": [180, 0, -120],
							"uv": {
								"north": {"uv": [13, 44], "uv_size": [7, 7]},
								"east": {"uv": [41, 0], "uv_size": [15, 1]},
								"south": {"uv": [74, 36], "uv_size": [5, 1]},
								"west": {"uv": [66, 5], "uv_size": [15, 1]},
								"up": {"uv": [36, 100.4], "uv_size": [60, 27.6], "uv_rotation": 270},
								"down": {"uv": [46.2, 80.6], "uv_size": [5.8, -21.8]}
							}
						},
						{
							"origin": [-17.55542, 5.48318, -56.18856],
							"size": [4.025, 0.575, 12.775],
							"pivot": [-15.22239, 6.1854, -41.74259],
							"rotation": [180, 0, 0],
							"uv": {
								"north": {"uv": [36, 128], "uv_size": [60, -4.6]},
								"east": {"uv": [36, 128], "uv_size": [60.15, -4.6]},
								"south": {"uv": [36, 128], "uv_size": [60, -4.6]},
								"west": {"uv": [36, 128], "uv_size": [60, -4.6]},
								"up": {"uv": [126.125, 12.025], "uv_size": [-28.125, 59.975]},
								"down": {"uv": [96, 123.4], "uv_size": [-60, 4.6]}
							}
						},
						{
							"origin": [-17.07462, 7.94343, -56.18856],
							"size": [1.15, 0.575, 12.775],
							"pivot": [-15.22239, 6.1854, -41.74259],
							"rotation": [180, 0, 90],
							"uv": {
								"north": {"uv": [66, 41], "uv_size": [6, 3]},
								"east": {"uv": [0, 48], "uv_size": [15, 1]},
								"south": {"uv": [38, 37], "uv_size": [2, 1]},
								"west": {"uv": [48, 0], "uv_size": [15, 1]},
								"up": {"uv": [66, 84], "uv_size": [59.8, -9.8], "uv_rotation": 270},
								"down": {"uv": [46, 79.4], "uv_size": [5.8, -18.4]}
							}
						},
						{
							"origin": [-16.11748, 1.84378, -56.18814],
							"size": [1.14914, 0.57415, 12.77415],
							"inflate": 0.001,
							"pivot": [-15.22239, 6.1854, -41.74259],
							"rotation": [180, 0, 0],
							"uv": {
								"north": {"uv": [65, 41], "uv_size": [4, -7]},
								"east": {"uv": [48, 3], "uv_size": [15, 1]},
								"south": {"uv": [11, 48], "uv_size": [6, 5]},
								"west": {"uv": [48, 4], "uv_size": [15, 1]},
								"up": {"uv": [46.2, 57], "uv_size": [5.6, 21.6]},
								"down": {"uv": [96, 86], "uv_size": [-60.4, 10], "uv_rotation": 90}
							}
						},
						{
							"origin": [-17.07462, 4.49343, -56.18856],
							"size": [1.15, 0.575, 12.775],
							"pivot": [-15.22239, 6.1854, -41.74259],
							"rotation": [180, 0, 90],
							"uv": {
								"north": {"uv": [25, 44], "uv_size": [6, 5]},
								"east": {"uv": [48, 1], "uv_size": [15, 1]},
								"south": {"uv": [8, 47], "uv_size": [2, 1]},
								"west": {"uv": [48, 2], "uv_size": [15, 1]},
								"up": {"uv": [46.4, 61], "uv_size": [5.2, 15]},
								"down": {"uv": [125.6, 74.2], "uv_size": [-59, 9], "uv_rotation": 90}
							}
						},
						{
							"origin": [-18.53496, 8.55697, -56.18856],
							"size": [2.875, 0.575, 12.775],
							"pivot": [-15.22239, 6.1854, -41.74259],
							"rotation": [180, 0, 120],
							"uv": {
								"north": {"uv": [27.6, 40.6], "uv_size": [5, 3.6]},
								"east": {"uv": [60, 26], "uv_size": [15, 1]},
								"south": {"uv": [68.6, 46.6], "uv_size": [5, 1]},
								"west": {"uv": [34, 50], "uv_size": [15, 1]},
								"up": {"uv": [95.4, 128], "uv_size": [-59.2, -27.8], "uv_rotation": 270},
								"down": {"uv": [46.4, 84], "uv_size": [5, -27.2], "uv_rotation": 180}
							}
						},
						{
							"origin": [-17.10778, 8.40345, -56.18856],
							"size": [0.2875, 0.1725, 12.775],
							"pivot": [-15.22239, 6.1854, -41.74259],
							"rotation": [180, 0, 120],
							"uv": {
								"north": {"uv": [86.8, 0], "uv_size": [5, 5.6]},
								"east": {"uv": [46, 74], "uv_size": [5.8, -17.4]},
								"south": {"uv": [86.6, 0.6], "uv_size": [5.2, 3.8]},
								"west": {"uv": [46.4, 57.8], "uv_size": [5.2, 25]},
								"up": {"uv": [52, 84], "uv_size": [-5.8, -27.8], "uv_rotation": 270},
								"down": {"uv": [46.4, 84], "uv_size": [5, -27.2], "uv_rotation": 180}
							}
						},
						{
							"origin": [-16.51586, 8.39369, -56.18856],
							"size": [0.2875, 0.1725, 12.775],
							"pivot": [-15.22239, 6.1854, -41.74259],
							"rotation": [180, 0, 120],
							"uv": {
								"north": {"uv": [86.8, 0], "uv_size": [5, 5.6]},
								"east": {"uv": [46, 74], "uv_size": [5.8, -17.4]},
								"south": {"uv": [86.6, 0.6], "uv_size": [5.2, 3.8]},
								"west": {"uv": [46.4, 57.8], "uv_size": [5.2, 25]},
								"up": {"uv": [52, 84], "uv_size": [-5.8, -27.8], "uv_rotation": 270},
								"down": {"uv": [46.4, 84], "uv_size": [5, -27.2], "uv_rotation": 180}
							}
						},
						{
							"origin": [-16.80555, 7.7525, -56.18856],
							"size": [0.2875, 0.17249, 12.775],
							"pivot": [-15.22239, 6.1854, -41.74259],
							"rotation": [180, 0, 90],
							"uv": {
								"north": {"uv": [86.8, 0], "uv_size": [5, 5.6]},
								"east": {"uv": [46, 74], "uv_size": [5.8, -17.4]},
								"south": {"uv": [86.6, 0.6], "uv_size": [5.2, 3.8]},
								"west": {"uv": [46.4, 57.8], "uv_size": [5.2, 25]},
								"up": {"uv": [52, 84], "uv_size": [-5.8, -27.8], "uv_rotation": 270},
								"down": {"uv": [46.4, 84], "uv_size": [5, -27.2], "uv_rotation": 180}
							}
						},
						{
							"origin": [-16.23055, 7.7525, -56.18856],
							"size": [0.2875, 0.17249, 12.775],
							"pivot": [-15.22239, 6.1854, -41.74259],
							"rotation": [180, 0, 90],
							"uv": {
								"north": {"uv": [86.8, 0], "uv_size": [5, 5.6]},
								"east": {"uv": [46, 74], "uv_size": [5.8, -17.4]},
								"south": {"uv": [86.6, 0.6], "uv_size": [5.2, 3.8]},
								"west": {"uv": [46.4, 57.8], "uv_size": [5.2, 25]},
								"up": {"uv": [52, 84], "uv_size": [-5.8, -27.8], "uv_rotation": 270},
								"down": {"uv": [46.4, 84], "uv_size": [5, -27.2], "uv_rotation": 180}
							}
						},
						{
							"origin": [-17.6499, 8.38447, -56.18856],
							"size": [0.2875, 0.1725, 12.775],
							"pivot": [-15.22239, 6.1854, -41.74259],
							"rotation": [180, 0, 120],
							"uv": {
								"north": {"uv": [86.8, 0], "uv_size": [5, 5.6]},
								"east": {"uv": [46, 74], "uv_size": [5.8, -17.4]},
								"south": {"uv": [86.6, 0.6], "uv_size": [5.2, 3.8]},
								"west": {"uv": [46.4, 57.8], "uv_size": [5.2, 25]},
								"up": {"uv": [52, 84], "uv_size": [-5.8, -27.8], "uv_rotation": 270},
								"down": {"uv": [46.4, 84], "uv_size": [5, -27.2], "uv_rotation": 180}
							}
						},
						{
							"origin": [-18.11348, 8.38654, -56.18856],
							"size": [0.2875, 0.1725, 12.775],
							"pivot": [-15.22239, 6.1854, -41.74259],
							"rotation": [180, 0, 120],
							"uv": {
								"north": {"uv": [86.8, 0], "uv_size": [5, 5.6]},
								"east": {"uv": [46, 74], "uv_size": [5.8, -17.4]},
								"south": {"uv": [86.6, 0.6], "uv_size": [5.2, 3.8]},
								"west": {"uv": [46.4, 57.8], "uv_size": [5.2, 25]},
								"up": {"uv": [52, 84], "uv_size": [-5.8, -27.8], "uv_rotation": 270},
								"down": {"uv": [46.4, 84], "uv_size": [5, -27.2], "uv_rotation": 180}
							}
						},
						{
							"origin": [-16.86305, 5.05, -56.18856],
							"size": [0.2875, 0.1725, 12.775],
							"pivot": [-15.22239, 6.1854, -41.74259],
							"rotation": [180, 0, 90],
							"uv": {
								"north": {"uv": [86.8, 0], "uv_size": [5, 5.6]},
								"east": {"uv": [46, 74], "uv_size": [5.8, -17.4]},
								"south": {"uv": [86.6, 0.6], "uv_size": [5.2, 3.8]},
								"west": {"uv": [46.4, 57.8], "uv_size": [5.2, 25]},
								"up": {"uv": [52, 84], "uv_size": [-5.8, -27.8], "uv_rotation": 270},
								"down": {"uv": [46.4, 84], "uv_size": [5, -27.2], "uv_rotation": 180}
							}
						},
						{
							"origin": [-16.28805, 5.05, -56.18856],
							"size": [0.2875, 0.1725, 12.775],
							"pivot": [-15.22239, 6.1854, -41.74259],
							"rotation": [180, 0, 90],
							"uv": {
								"north": {"uv": [86.8, 0], "uv_size": [5, 5.6]},
								"east": {"uv": [46, 74], "uv_size": [5.8, -17.4]},
								"south": {"uv": [86.6, 0.6], "uv_size": [5.2, 3.8]},
								"west": {"uv": [46.4, 57.8], "uv_size": [5.2, 25]},
								"up": {"uv": [52, 84], "uv_size": [-5.8, -27.8], "uv_rotation": 270},
								"down": {"uv": [46.4, 84], "uv_size": [5, -27.2], "uv_rotation": 180}
							}
						},
						{
							"origin": [-14.77699, 5.34975, -56.18856],
							"size": [0.2875, 0.1725, 12.775],
							"pivot": [-15.22239, 6.1854, -41.74259],
							"rotation": [180, 0, 0],
							"uv": {
								"north": {"uv": [86.8, 0], "uv_size": [5, 5.6]},
								"east": {"uv": [46, 74], "uv_size": [5.8, -17.4]},
								"south": {"uv": [86.6, 0.6], "uv_size": [5.2, 3.8]},
								"west": {"uv": [46.4, 57.8], "uv_size": [5.2, 25]},
								"up": {"uv": [52, 84], "uv_size": [-5.8, -27.8], "uv_rotation": 270},
								"down": {"uv": [46.4, 84], "uv_size": [5, -27.2], "uv_rotation": 180}
							}
						},
						{
							"origin": [-15.35199, 5.34975, -56.18856],
							"size": [0.2875, 0.1725, 12.775],
							"pivot": [-15.22239, 6.1854, -41.74259],
							"rotation": [180, 0, 0],
							"uv": {
								"north": {"uv": [86.8, 0], "uv_size": [5, 5.6]},
								"east": {"uv": [46, 74], "uv_size": [5.8, -17.4]},
								"south": {"uv": [86.6, 0.6], "uv_size": [5.2, 3.8]},
								"west": {"uv": [46.4, 57.8], "uv_size": [5.2, 25]},
								"up": {"uv": [52, 84], "uv_size": [-5.8, -27.8], "uv_rotation": 270},
								"down": {"uv": [46.4, 84], "uv_size": [5, -27.2], "uv_rotation": 180}
							}
						},
						{
							"origin": [-15.92698, 5.34975, -56.18856],
							"size": [0.28749, 0.1725, 12.775],
							"pivot": [-15.22239, 6.1854, -41.74259],
							"rotation": [180, 0, 0],
							"uv": {
								"north": {"uv": [86.8, 0], "uv_size": [5, 5.6]},
								"east": {"uv": [46, 74], "uv_size": [5.8, -17.4]},
								"south": {"uv": [86.6, 0.6], "uv_size": [5.2, 3.8]},
								"west": {"uv": [46.4, 57.8], "uv_size": [5.2, 25]},
								"up": {"uv": [52, 84], "uv_size": [-5.8, -27.8], "uv_rotation": 270},
								"down": {"uv": [46.4, 84], "uv_size": [5, -27.2], "uv_rotation": 180}
							}
						},
						{
							"origin": [-16.50199, 5.34975, -56.18856],
							"size": [0.2875, 0.1725, 12.775],
							"pivot": [-15.22239, 6.1854, -41.74259],
							"rotation": [180, 0, 0],
							"uv": {
								"north": {"uv": [86.8, 0], "uv_size": [5, 5.6]},
								"east": {"uv": [46, 74], "uv_size": [5.8, -17.4]},
								"south": {"uv": [86.6, 0.6], "uv_size": [5.2, 3.8]},
								"west": {"uv": [46.4, 57.8], "uv_size": [5.2, 25]},
								"up": {"uv": [52, 84], "uv_size": [-5.8, -27.8], "uv_rotation": 270},
								"down": {"uv": [46.4, 84], "uv_size": [5, -27.2], "uv_rotation": 180}
							}
						},
						{
							"origin": [-15.92698, 5.34975, -56.18856],
							"size": [0.28749, 0.1725, 12.775],
							"pivot": [-15.22239, 6.1854, -41.74259],
							"rotation": [180, 0, 0],
							"uv": {
								"north": {"uv": [86.8, 0], "uv_size": [5, 5.6]},
								"east": {"uv": [46, 74], "uv_size": [5.8, -17.4]},
								"south": {"uv": [86.6, 0.6], "uv_size": [5.2, 3.8]},
								"west": {"uv": [46.4, 57.8], "uv_size": [5.2, 25]},
								"up": {"uv": [52, 84], "uv_size": [-5.8, -27.8], "uv_rotation": 270},
								"down": {"uv": [46.4, 84], "uv_size": [5, -27.2], "uv_rotation": 180}
							}
						},
						{
							"origin": [-12.76544, 7.83551, -56.18856],
							"size": [0.2875, 0.1725, 12.775],
							"pivot": [-15.22239, 6.1854, -41.74259],
							"rotation": [-180, 0, -120],
							"uv": {
								"north": {"uv": [86.8, 0], "uv_size": [5, 5.6]},
								"east": {"uv": [46, 74], "uv_size": [5.8, -17.4]},
								"south": {"uv": [86.6, 0.6], "uv_size": [5.2, 3.8]},
								"west": {"uv": [46.4, 57.8], "uv_size": [5.2, 25]},
								"up": {"uv": [52, 84], "uv_size": [-5.8, -27.8], "uv_rotation": 270},
								"down": {"uv": [46.4, 84], "uv_size": [5, -27.2], "uv_rotation": 180}
							}
						},
						{
							"origin": [-13.30756, 7.85449, -56.18856],
							"size": [0.2875, 0.1725, 12.775],
							"pivot": [-15.22239, 6.1854, -41.74259],
							"rotation": [-180, 0, -120],
							"uv": {
								"north": {"uv": [86.8, 0], "uv_size": [5, 5.6]},
								"east": {"uv": [46, 74], "uv_size": [5.8, -17.4]},
								"south": {"uv": [86.6, 0.6], "uv_size": [5.2, 3.8]},
								"west": {"uv": [46.4, 57.8], "uv_size": [5.2, 25]},
								"up": {"uv": [52, 84], "uv_size": [-5.8, -27.8], "uv_rotation": 270},
								"down": {"uv": [46.4, 84], "uv_size": [5, -27.2], "uv_rotation": 180}
							}
						},
						{
							"origin": [-13.89948, 7.84472, -56.18856],
							"size": [0.2875, 0.1725, 12.775],
							"pivot": [-15.22239, 6.1854, -41.74259],
							"rotation": [-180, 0, -120],
							"uv": {
								"north": {"uv": [86.8, 0], "uv_size": [5, 5.6]},
								"east": {"uv": [46, 74], "uv_size": [5.8, -17.4]},
								"south": {"uv": [86.6, 0.6], "uv_size": [5.2, 3.8]},
								"west": {"uv": [46.4, 57.8], "uv_size": [5.2, 25]},
								"up": {"uv": [52, 84], "uv_size": [-5.8, -27.8], "uv_rotation": 270},
								"down": {"uv": [46.4, 84], "uv_size": [5, -27.2], "uv_rotation": 180}
							}
						},
						{
							"origin": [-12.30186, 7.83757, -56.18856],
							"size": [0.2875, 0.1725, 12.775],
							"pivot": [-15.22239, 6.1854, -41.74259],
							"rotation": [-180, 0, -120],
							"uv": {
								"north": {"uv": [86.8, 0], "uv_size": [5, 5.6]},
								"east": {"uv": [46, 74], "uv_size": [5.8, -17.4]},
								"south": {"uv": [86.6, 0.6], "uv_size": [5.2, 3.8]},
								"west": {"uv": [46.4, 57.8], "uv_size": [5.2, 25]},
								"up": {"uv": [52, 84], "uv_size": [-5.8, -27.8], "uv_rotation": 270},
								"down": {"uv": [46.4, 84], "uv_size": [5, -27.2], "uv_rotation": 180}
							}
						}
					]
				},
				{
					"name": "bone2",
					"parent": "body1",
					"pivot": [-17.69962, 8.15971, -38.46163],
					"cubes": [
						{
							"origin": [-16.21437, 2.42625, -47.16006],
							"size": [0.86165, 0.57415, 3.57415],
							"inflate": 0.001,
							"pivot": [-15.22239, 6.1854, -41.74259],
							"rotation": [180, 0, 0],
							"uv": {
								"north": {"uv": [89, 0], "uv_size": [2, 1]},
								"east": {"uv": [86, 1], "uv_size": [8, 1]},
								"south": {"uv": [85, 0], "uv_size": [8.6, 5]},
								"west": {"uv": [82, 0], "uv_size": [8, 1]},
								"up": {"uv": [89, 0], "uv_size": [2, 8]},
								"down": {"uv": [88, 8], "uv_size": [2, -8]}
							}
						},
						{
							"origin": [-16.93297, 3.23032, -47.16106],
							"size": [2.3, 2.3, 3.575],
							"pivot": [-15.22239, 6.1854, -41.74259],
							"rotation": [180, 0, 0],
							"uv": {
								"north": {"uv": [86, 7], "uv_size": [6, -7], "uv_rotation": 180},
								"east": {"uv": [86, 2], "uv_size": [8, 1]},
								"south": {"uv": [88, 1], "uv_size": [6, 7]},
								"west": {"uv": [82, 4], "uv_size": [8, -3]},
								"up": {"uv": [88, 0], "uv_size": [6, 8]},
								"down": {"uv": [87, 8], "uv_size": [6, -8]}
							}
						},
						{
							"origin": [-15.11363, 6.77473, -47.16106],
							"size": [3.1625, 1.15, 3.575],
							"pivot": [-15.22239, 6.1854, -41.74259],
							"rotation": [180, 0, -120],
							"uv": {
								"east": {"uv": [89, 3], "uv_size": [4, -3]},
								"south": {"uv": [88.4, 5], "uv_size": [-1, -5]},
								"west": {"uv": [86, 0], "uv_size": [2, 5]},
								"up": {"uv": [86, 0], "uv_size": [5.4, 5.2], "uv_rotation": 90},
								"down": {"uv": [91, 8], "uv_size": [5, -8]}
							}
						},
						{
							"origin": [-17.31186, 7.61063, -46.58606],
							"size": [3.1625, 1.15, 3],
							"pivot": [-14.72239, 6.1854, -41.74259],
							"rotation": [-180, 0, 120],
							"uv": {
								"north": {"uv": [87, 1], "uv_size": [5, 1]},
								"east": {"uv": [86, 0], "uv_size": [8, 1]},
								"south": {"uv": [87, 2], "uv_size": [5, 1]},
								"west": {"uv": [52, 51], "uv_size": [8, 1]},
								"up": {"uv": [96.2, 1], "uv_size": [-8, 6], "uv_rotation": 270},
								"down": {"uv": [85, 8], "uv_size": [5, -8]}
							}
						}
					]
				},
				{
					"name": "barrel",
					"parent": "shot",
					"pivot": [-17.16297, 6.61107, -28.29663],
					"cubes": [
						{
							"origin": [-14.56893, 7.63336, -56.78814],
							"size": [2.58665, 0.57415, 4.59915],
							"inflate": 0.001,
							"pivot": [-15.22239, 6.1854, -39.74259],
							"rotation": [180, 0, -120],
							"uv": {
								"north": {"uv": [0, 92.4], "uv_size": [4.2, -17], "uv_rotation": 90},
								"east": {"uv": [9.6, 49.4], "uv_size": [8, -11]},
								"south": {"uv": [47, 30], "uv_size": [5, 1]},
								"west": {"uv": [78, 48], "uv_size": [8, 11]},
								"up": {"uv": [22, 62], "uv_size": [24, 17.6], "uv_rotation": 90},
								"down": {"uv": [88.4, 64], "uv_size": [7, -11.4]}
							}
						},
						{
							"origin": [-18.16198, 8.15389, -56.78814],
							"size": [2.58665, 0.57415, 4.59915],
							"inflate": 0.001,
							"pivot": [-15.22239, 6.1854, -39.74259],
							"rotation": [-180, 0, 120],
							"uv": {
								"north": {"uv": [24, 72], "uv_size": [-4.4, 20.6], "uv_rotation": 90},
								"east": {"uv": [53.2, 52.4], "uv_size": [8, 1]},
								"south": {"uv": [57, 12], "uv_size": [5, 1]},
								"west": {"uv": [52, 51], "uv_size": [8, 1]},
								"up": {"uv": [24, 60.4], "uv_size": [22, 16], "uv_rotation": 270},
								"down": {"uv": [88.2, 64.2], "uv_size": [7.8, -12.4]}
							}
						},
						{
							"origin": [-17.24693, 5.24325, -56.78814],
							"size": [3.44915, 0.57415, 4.59915],
							"inflate": 0.001,
							"pivot": [-15.22239, 6.1854, -39.74259],
							"rotation": [180, 0, 0],
							"uv": {
								"north": {"uv": [0.4, 72], "uv_size": [23, -6], "uv_rotation": 180},
								"east": {"uv": [56, 22], "uv_size": [8, 2.8]},
								"south": {"uv": [38, 31], "uv_size": [6, 1]},
								"west": {"uv": [46, 83.4], "uv_size": [-24, -3]},
								"up": {"uv": [24, 83.8], "uv_size": [22, -23.8]},
								"down": {"uv": [89, 64], "uv_size": [6, -10]}
							}
						},
						{
							"origin": [-15.95375, 2.36875, -56.78756],
							"size": [0.86165, 0.57415, 4.59915],
							"inflate": 0.001,
							"pivot": [-15.22239, 6.1854, -39.74259],
							"rotation": [180, 0, 0],
							"uv": {
								"north": {"uv": [15.8, 96.2], "uv_size": [-6.8, -5.4], "uv_rotation": 180},
								"east": {"uv": [70, 17], "uv_size": [8, 1]},
								"south": {"uv": [59, 22], "uv_size": [2, 1]},
								"west": {"uv": [68, 46], "uv_size": [8, 1]},
								"up": {"uv": [88.2, 52.2], "uv_size": [8, 11.8]},
								"down": {"uv": [28, 128], "uv_size": [5.8, -22]}
							}
						},
						{
							"origin": [-16.79821, 4.76136, -56.78756],
							"size": [1.14915, 0.57415, 4.59915],
							"inflate": 0.001,
							"pivot": [-15.22239, 6.1854, -39.74259],
							"rotation": [180, 0, 90],
							"uv": {
								"north": {"uv": [0, 75], "uv_size": [5, -9], "uv_rotation": 270},
								"east": {"uv": [52, 43], "uv_size": [8, 1]},
								"south": {"uv": [59, 52], "uv_size": [2, 1]},
								"west": {"uv": [52, 48], "uv_size": [8, 1]},
								"up": {"uv": [96, 64], "uv_size": [-8, -12]},
								"down": {"uv": [22, 76], "uv_size": [24, 8], "uv_rotation": 270}
							}
						},
						{
							"origin": [-16.79821, 7.63636, -56.78756],
							"size": [1.14915, 0.57415, 4.59915],
							"inflate": 0.001,
							"pivot": [-15.22239, 6.1854, -39.74259],
							"rotation": [180, 0, 90],
							"uv": {
								"north": {"uv": [0, 66], "uv_size": [5.4, 7.2], "uv_rotation": 90},
								"east": {"uv": [41, 52], "uv_size": [8, 1]},
								"south": {"uv": [67, 47], "uv_size": [2, 1]},
								"west": {"uv": [66, 47], "uv_size": [8, 1]},
								"up": {"uv": [45.8, 83.6], "uv_size": [-21.8, -7.6], "uv_rotation": 90},
								"down": {"uv": [96.2, 64], "uv_size": [-8.2, -12]}
							}
						}
					]
				},
				{
					"name": "bone3",
					"parent": "barrel",
					"pivot": [-19.3198, 4.25249, -24.5597],
					"cubes": [
						{
							"origin": [-17.66444, 7.29097, -55.06356],
							"size": [2.5875, 1.15, 0.575],
							"pivot": [-15.22239, 6.1854, -39.74259],
							"rotation": [-180, 0, 120],
							"uv": {
								"north": {"uv": [87, 1], "uv_size": [5, 1]},
								"east": {"uv": [86, 0], "uv_size": [8, 1]},
								"south": {"uv": [87, 2], "uv_size": [5, 1]},
								"west": {"uv": [52, 51], "uv_size": [8, 1]},
								"up": {"uv": [94.2, 1], "uv_size": [-8, 6], "uv_rotation": 270},
								"down": {"uv": [85, 8], "uv_size": [5, -8]}
							}
						},
						{"origin": [-15.03857, 6.72064, -55.06356], "size": [2.5875, 1.15, 0.575], "pivot": [-15.22239, 6.1854, -39.74259], "rotation": [180, 0, -120], "uv": [88, 0], "mirror": true},
						{
							"origin": [-16.67235, 4.09282, -55.06356],
							"size": [2.3, 1.725, 0.575],
							"pivot": [-15.22239, 6.1854, -39.74259],
							"rotation": [180, 0, 0],
							"uv": {
								"north": {"uv": [86, 7], "uv_size": [6, -7], "uv_rotation": 180},
								"east": {"uv": [86, 2], "uv_size": [8, 1]},
								"south": {"uv": [88, 1], "uv_size": [6, 1]},
								"west": {"uv": [86, 4], "uv_size": [4, -3]},
								"up": {"uv": [88, 0], "uv_size": [6, 8]},
								"down": {"uv": [87, 8], "uv_size": [6, -8]}
							}
						},
						{
							"origin": [-15.95375, 2.94375, -55.06256],
							"size": [0.86165, 0.57415, 0.57415],
							"inflate": 0.001,
							"pivot": [-15.22239, 6.1854, -39.74259],
							"rotation": [180, 0, 0],
							"uv": {
								"north": {"uv": [86.2, 3], "uv_size": [2, 1]},
								"east": {"uv": [86, 1], "uv_size": [8, 1]},
								"south": {"uv": [89, 0], "uv_size": [2, 1]},
								"west": {"uv": [86, 0], "uv_size": [4, 1]},
								"up": {"uv": [89, 0], "uv_size": [2, 8]},
								"down": {"uv": [88, 8], "uv_size": [2, -8]}
							}
						}
					]
				},
				{
					"name": "u12g",
					"parent": "shot",
					"pivot": [-15.4375, 7.86189, -35.62186],
					"rotation": [0, -60, 0],
					"cubes": [
						{
							"origin": [-16.35907, 7.10792, -38.10985],
							"size": [1.5, 1.5, 5],
							"pivot": [-15.54053, 7.85792, -35.60985],
							"rotation": [0, -125, 0],
							"uv": {
								"north": {"uv": [54.5, 72], "uv_size": [9.5, 10]},
								"east": {"uv": [56, 74], "uv_size": [5, 6]},
								"west": {"uv": [56, 74], "uv_size": [5, 7.5]},
								"up": {"uv": [57, 74], "uv_size": [5, 5]},
								"down": {"uv": [52, 74], "uv_size": [-5, -5]}
							}
						}
					]
				},
				{
					"name": "rail_template",
					"parent": "yourgun",
					"pivot": [-8.35455, 9.7425, -29.39211]
				},
				{
					"name": "stock_default",
					"parent": "yourgun",
					"pivot": [-15.68171, 6.61825, -49.52008],
					"cubes": [
						{
							"origin": [-17.26741, 6.27005, -46.86356],
							"size": [3.1625, 4.025, 1.725],
							"uv": {
								"north": {"uv": [13, 39.8], "uv_size": [4, 7]},
								"east": {"uv": [41.8, 26], "uv_size": [-23, 8], "uv_rotation": 90},
								"south": {"uv": [63.4, 35], "uv_size": [4, 7]},
								"west": {"uv": [18.2, 26], "uv_size": [23, 8], "uv_rotation": 270},
								"up": {"uv": [87.4, 42], "uv_size": [9, 6], "uv_rotation": 90},
								"down": {"uv": [30, 43.8], "uv_size": [4, -3]}
							}
						},
						{
							"origin": [-17.26741, 6.27005, -46.86356],
							"size": [3.1625, 4.025, 1.725],
							"uv": {
								"north": {"uv": [13, 39.8], "uv_size": [4, 7]},
								"east": {"uv": [41.8, 26], "uv_size": [-23, 8], "uv_rotation": 90},
								"south": {"uv": [63.4, 35], "uv_size": [4, 7]},
								"west": {"uv": [18.2, 26], "uv_size": [23, 8], "uv_rotation": 270},
								"up": {"uv": [87.4, 42], "uv_size": [9, 6], "uv_rotation": 90},
								"down": {"uv": [30, 43.8], "uv_size": [4, -3]}
							}
						},
						{
							"origin": [-16.69241, 6.27005, -56.63856],
							"size": [2.0125, 4.025, 1.725],
							"uv": {
								"north": {"uv": [40, 2], "uv_size": [33.2, 10], "uv_rotation": 90},
								"east": {"uv": [16, 13.6], "uv_size": [-14, 34]},
								"south": {"uv": [40, 1.6], "uv_size": [32, 10], "uv_rotation": 90},
								"west": {"uv": [2, 14], "uv_size": [14, 34]},
								"up": {"uv": [46, 96], "uv_size": [-10, -10], "uv_rotation": 90},
								"down": {"uv": [36, 86], "uv_size": [10.4, 10], "uv_rotation": 90}
							}
						},
						{
							"origin": [-16.69241, 8.57005, -50.88856],
							"size": [2.0125, 1.725, 4.025],
							"uv": {
								"north": {"uv": [43, 49.4], "uv_size": [8, 3.6]},
								"east": {"uv": [41, 49], "uv_size": [-7, -17], "uv_rotation": 90},
								"south": {"uv": [30, 41], "uv_size": [4, 3]},
								"west": {"uv": [19, 32], "uv_size": [8.4, 19], "uv_rotation": 90},
								"up": {"uv": [32, 37], "uv_size": [10, 13]},
								"down": {"uv": [33, 49], "uv_size": [8, -11]}
							}
						},
						{
							"origin": [-16.69241, 6.27005, -50.88856],
							"size": [2.0125, 1.725, 4.025],
							"uv": {
								"north": {"uv": [43, 50], "uv_size": [4, 3]},
								"east": {"uv": [32.4, 50.2], "uv_size": [9, -17], "uv_rotation": 90},
								"south": {"uv": [47, 50], "uv_size": [4, 3]},
								"west": {"uv": [28, 32], "uv_size": [-9, 17], "uv_rotation": 90},
								"up": {"uv": [28, 39], "uv_size": [4, 7]},
								"down": {"uv": [32, 41], "uv_size": [10, 9], "uv_rotation": 180}
							}
						},
						{
							"origin": [-16.69241, 1.67005, -49.73856],
							"size": [2.0125, 0.575, 2.875],
							"uv": {
								"north": {"uv": [28, 46], "uv_size": [4, 1]},
								"east": {"uv": [57, 16], "uv_size": [5, 1]},
								"south": {"uv": [56.4, 22.2], "uv_size": [4, 1]},
								"west": {"uv": [67, 15], "uv_size": [5, 1]},
								"up": {"uv": [27.4, 35.2], "uv_size": [4, 5]},
								"down": {"uv": [65, 26], "uv_size": [4, -5]}
							}
						},
						{
							"origin": [-16.11698, -1.81014, -39.52682],
							"size": [0.86165, 2.29915, 1.72415],
							"inflate": 0.001,
							"pivot": [-15.22239, 6.1854, -41.74259],
							"rotation": [-90, 0, 0],
							"uv": {
								"north": {"uv": [12, 53], "uv_size": [2, 4]},
								"east": {"uv": [23, 14.2], "uv_size": [8.8, -7.4], "uv_rotation": 90},
								"south": {"uv": [53, 23], "uv_size": [2, 4]},
								"west": {"uv": [18, 17], "uv_size": [12, 10.6]},
								"up": {"uv": [55, 23], "uv_size": [2, 3]},
								"down": {"uv": [19, 40.2], "uv_size": [8, -7.4]}
							}
						},
						{
							"origin": [-16.11698, -1.54151, -40.65794],
							"size": [0.86165, 2.29915, 1.72415],
							"inflate": 0.001,
							"pivot": [-15.22239, 6.1854, -41.74259],
							"rotation": [-90, 0, 0],
							"uv": {
								"north": {"uv": [53, 28], "uv_size": [2, 4]},
								"east": {"uv": [31.4, 10.2], "uv_size": [-11.6, 6.8], "uv_rotation": 90},
								"south": {"uv": [53, 32], "uv_size": [2, 4]},
								"west": {"uv": [31.2, 23.8], "uv_size": [-11.4, -13.2], "uv_rotation": 90},
								"up": {"uv": [55, 31], "uv_size": [2, 3]},
								"down": {"uv": [19, 47], "uv_size": [8, -9]}
							}
						},
						{
							"origin": [-16.11698, -1.13474, -41.97617],
							"size": [0.86165, 2.29915, 1.72415],
							"inflate": 0.001,
							"pivot": [-15.22239, 6.1854, -41.74259],
							"rotation": [-90, 0, 0],
							"uv": {
								"north": {"uv": [43, 19], "uv_size": [2, 4]},
								"east": {"uv": [17, 28], "uv_size": [12, -12], "uv_rotation": 90},
								"south": {"uv": [51, 53], "uv_size": [2, 4]},
								"west": {"uv": [29, 28], "uv_size": [-9, -12]},
								"up": {"uv": [21, 56], "uv_size": [2, 3]},
								"down": {"uv": [19, 42], "uv_size": [8, 7]}
							}
						},
						{
							"origin": [-28.66998, 5.31487, -38.94557],
							"size": [4.3125, 0.8625, 0.8625],
							"pivot": [-15.22239, 6.1854, -41.74259],
							"rotation": [0, -90, 90],
							"uv": {
								"north": {"uv": [43, 106], "uv_size": [46, 16]},
								"east": {"uv": [43, 106], "uv_size": [46, 16]},
								"south": {"uv": [43, 106], "uv_size": [46, 16]},
								"west": {"uv": [43, 106], "uv_size": [46, 16]},
								"up": {"uv": [89, 122], "uv_size": [-46, -16]},
								"down": {"uv": [89, 122], "uv_size": [-46, -16]}
							}
						},
						{
							"origin": [-28.66998, 5.31487, -41.24557],
							"size": [4.3125, 0.8625, 0.8625],
							"pivot": [-15.22239, 6.1854, -41.74259],
							"rotation": [0, -90, 90],
							"uv": {
								"north": {"uv": [49.6, 108], "uv_size": [36.2, 14.6]},
								"east": {"uv": [38, 57], "uv_size": [2, 2]},
								"south": {"uv": [44, 105], "uv_size": [45.5, 17.5]},
								"west": {"uv": [57, 38], "uv_size": [2, 2]},
								"up": {"uv": [44, 106], "uv_size": [44, 16]},
								"down": {"uv": [90, 106], "uv_size": [-46, 16]}
							}
						}
					]
				},
				{
					"name": "bolt",
					"parent": "yourgun",
					"pivot": [-14.06491, 8.3095, -34.46258]
				},
				{
					"name": "sight_illuminated",
					"parent": "yourgun",
					"pivot": [-14.21287, 8.26188, -31.95086]
				},
				{
					"name": "trigger",
					"parent": "yourgun",
					"pivot": [-15.67527, 5.62147, -46.11802],
					"cubes": [
						{
							"origin": [-15.81902, 4.91899, -37.39748],
							"size": [0.2875, 1.0925, 0.2875],
							"pivot": [-15.22239, 6.1854, -41.74259],
							"rotation": [-167.5, 0, 0],
							"uv": {
								"north": {"uv": [50, 66], "uv_size": [1, 3]},
								"east": {"uv": [50, 73], "uv_size": [1, 3]},
								"south": {"uv": [59, 5], "uv_size": [1, 3]},
								"west": {"uv": [17, 59], "uv_size": [1, 3]},
								"up": {"uv": [64, 10], "uv_size": [1, 1]},
								"down": {"uv": [11, 65], "uv_size": [1, -1]}
							}
						},
						{
							"origin": [-15.81902, 9.11636, -44.73685],
							"size": [0.2875, 0.575, 0.2875],
							"pivot": [-15.22239, 6.1854, -41.74259],
							"rotation": [60, 0, 0],
							"uv": {
								"north": {"uv": [50, 66], "uv_size": [1, 3]},
								"east": {"uv": [50, 73], "uv_size": [1, 3]},
								"south": {"uv": [59, 5], "uv_size": [1, 3]},
								"west": {"uv": [17, 59], "uv_size": [1, 3]},
								"up": {"uv": [64, 10], "uv_size": [1, 1]},
								"down": {"uv": [11, 65], "uv_size": [1, -1]}
							}
						}
					]
				},
				{
					"name": "grip",
					"parent": "yourgun",
					"pivot": [-14.39877, 6.49578, -40.21599]
				},
				{
					"name": "constraint",
					"parent": "yourgun",
					"pivot": [-14.09402, 9.36503, -45.84168]
				},
				{
					"name": "refit_pos",
					"parent": "yourgun",
					"pivot": [-7.47454, 4, -22]
				},
				{
					"name": "muzzle_flash",
					"parent": "refit_pos",
					"pivot": [-14.09402, 8.19203, -46.70993]
				},
				{
					"name": "muzzle_pos",
					"parent": "refit_pos",
					"pivot": [-14.09402, 8.27828, -46.11337]
				},
				{
					"name": "scope_pos",
					"parent": "refit_pos",
					"pivot": [-14.09402, 9.13485, -31.83899]
				},
				{
					"name": "stock_pos",
					"parent": "refit_pos",
					"pivot": [-14.09402, 7.78234, -29.45274]
				},
				{
					"name": "grip_pos",
					"parent": "refit_pos",
					"pivot": [-14.09402, 6.58922, -42.90774]
				},
				{
					"name": "shell",
					"parent": "refit_pos",
					"pivot": [-14.20902, 8.30703, -34.39056]
				},
				{
					"name": "lefthand",
					"parent": "gun_and_righthand",
					"pivot": [0, 0, 0]
				},
				{
					"name": "lefthand_pos",
					"parent": "lefthand",
					"pivot": [6, 19, 0],
					"cubes": [
						{
							"origin": [4, 5, -2],
							"size": [4, 12, 4],
							"uv": {
								"north": {"uv": [88, 0], "uv_size": [4, 6]},
								"east": {"uv": [94, 2], "uv_size": [-8, 6]},
								"south": {"uv": [92, 6], "uv_size": [-6, -6]},
								"west": {"uv": [88, 0], "uv_size": [4, 6]},
								"up": {"uv": [86, 2], "uv_size": [4, 4]},
								"down": {"uv": [86, 4], "uv_size": [4, -4]}
							}
						}
					]
				},
				{
					"name": "camera",
					"pivot": [2.75, 16.2875, 16]
				},
				{
					"name": "positioning",
					"pivot": [0, 0, -8]
				},
				{
					"name": "thirdperson_hand",
					"parent": "positioning",
					"pivot": [0, 7.925, 7.65]
				},
				{
					"name": "ground",
					"parent": "positioning",
					"pivot": [0, -0.9, 2.65]
				},
				{
					"name": "fixed",
					"parent": "positioning",
					"pivot": [1.05, 10.675, 3.45],
					"rotation": [0, 90, 0]
				},
				{
					"name": "view",
					"pivot": [0, 0, 0]
				},
				{
					"name": "idle_view",
					"parent": "view",
					"pivot": [2.75, 13.7875, 12]
				},
				{
					"name": "iron_view",
					"parent": "view",
					"pivot": [0, 12.95, 7.25]
				},
				{
					"name": "refit_view",
					"parent": "view",
					"pivot": [23, 10.2, 0.15],
					"rotation": [0, 90, 0]
				},
				{
					"name": "refit_muzzle_view",
					"parent": "view",
					"pivot": [9, 9, -29],
					"rotation": [0, 120, 0]
				},
				{
					"name": "refit_stock_view",
					"parent": "view",
					"pivot": [10, 9, 14],
					"rotation": [0, 90, 0]
				},
				{
					"name": "refit_scope_view",
					"parent": "view",
					"pivot": [8, 14.125, 10.3],
					"rotation": [0, 50, 0]
				},
				{
					"name": "refit_extended_mag_view",
					"parent": "view",
					"pivot": [10, -2, -3],
					"rotation": [0, 90, 35]
				},
				{
					"name": "refit_laser_view",
					"parent": "view",
					"pivot": [7, 10, 0],
					"rotation": [0, 70, 0]
				},
				{
					"name": "refit_grip_view",
					"parent": "view",
					"pivot": [6.8, 6.4, -4],
					"rotation": [0, 90, 0]
				},
				{
					"name": "octagon",
					"pivot": [0, 0, 0]
				}
			]
		}
	]
}